"Name","sPRS__Card_Holder_Name__c","sPRS__Card_Type__c","sPRS__Expiration_Date__c","sPRS__Guarantor__r.sPRS__Guarantor_Id__c","sPRS__Last_4__c","sPRS__Payment_Method_Token__c","sPRS__Sirono_Id__c"
"Visa 1111","Charles Green","Visa","2020-01-31","200039","1111","jy7yv8","1221"
"Visa 1111","SCW","Visa","2017-08-31","200005","1111","b2fp3d","1233"
"Visa 1881","test","Visa","2017-08-31","200024","1881","fbvvvp","1244"
"Visa 1111","Charles Green","Visa","2020-01-31","200039","1111","bf8z8p","1222"
"Visa 1111","SCW","Visa","2017-08-31","200005","1111","66jf54","1234"
"Visa 1111","test","Visa","2017-08-31","200016","1111","d2xxbt","1245"
"Visa 1111","Kandy Mcgill","Visa","2018-04-30","200030","1111","cc2shd","1223"
"Visa 1111","Test","Visa","2017-08-31","200006","1111","8qk6cd","1235"
"Visa 1111","Test","Visa","2017-08-31","200020","1111","83g8qp","1224"
"Visa 1111","Test","Visa","2017-08-31","200020","1111","c86554","1225"
"Visa 1881","Test","Visa","2017-08-31","200006","1881","2sjvvp","1236"
"Visa 1111","Test","Visa","2017-08-31","200020","1111","7x6v2t","1226"
"Visa 1111","Test","Visa","2017-08-31","200020","1111","7h8grt","1227"
"Visa 1111","Freda","Visa","2017-08-31","200013","1111","7mqvvp","1238"
"Visa 1111","SCW","Visa","2017-08-31","200021","1111","8dmzmt","1228"
"Visa 1111","freda","Visa","2017-08-31","200012","1111","93kxtj","1239"
"Visa 1111","SCW","Visa","2017-08-31","200001","1111","58hjyj","1229"
"Visa 1111","aabb","Visa","2017-08-31","200001","1111","jh3kjj","1240"
"Visa 1111","SCW","Visa","2017-08-31","200001","1111","gn7n8j","1230"
"Visa 1111","freda","Visa","2017-08-31","200009","1111","h9t4w8","1241"
"Visa 1111","SCW","Visa","2017-08-31","200001","1111","2sdzg8","1231"
"Visa 1111","test","Visa","2017-08-31","200010","1111","hmjqvp","1242"
"Visa 1111","SCW","Visa","2017-08-31","200005","1111","8g3qvp","1232"
"Visa 7777","Test","Visa","2017-08-31","200024","7777","kxp8sy","1243"
