"Payment_Plan__r.Sirono_ID__c","Sirono_ID__c","Payment_Method__r.Sirono_ID__c","Amount__c","Method__c","Processor_Transaction_ID__c","Guarantor__r.Guarantor_Id__c","Deposit_Date__c","Statement__r.Sirono_Id__c"
"","13202.0","","100.0","credit","e411gz94","200000.0","2016-11-11T21:23:10.000Z",""
"","13203.0","","864.0","credit","eyr4zn99","200000.0","2017-02-17T00:41:12.000Z",""
"","13204.0","","100.0","credit","7vnzmmhy","200000.0","2017-02-06T21:21:06.000Z",""
"","13205.0","","100.0","credit","e411gz94","200001.0","2016-11-11T21:23:10.000Z",""
"","13206.0","","864.0","credit","eyr4zn99","200001.0","2017-02-17T00:41:12.000Z",""
"","13207.0","","100.0","credit","7vnzmmhy","200001.0","2017-02-06T21:21:06.000Z",""
"","13208.0","","100.0","credit","e411gz94","200002.0","2016-11-11T21:23:10.000Z",""
"","13209.0","","864.0","credit","eyr4zn99","200002.0","2017-02-17T00:41:12.000Z",""
"","13210.0","","100.0","credit","7vnzmmhy","200002.0","2017-02-06T21:21:06.000Z",""
"","13211.0","","100.0","credit","e411gz94","200003.0","2016-11-11T21:23:10.000Z",""
"","13212.0","","864.0","credit","eyr4zn99","200003.0","2017-02-17T00:41:12.000Z",""
"","13213.0","","100.0","credit","7vnzmmhy","200003.0","2017-02-06T21:21:06.000Z",""
"","13214.0","","100.0","credit","e411gz94","200004.0","2016-11-11T21:23:10.000Z",""
"","13215.0","","864.0","credit","eyr4zn99","200004.0","2017-02-17T00:41:12.000Z",""
"","13216.0","","100.0","credit","7vnzmmhy","200004.0","2017-02-06T21:21:06.000Z",""
"","13217.0","","100.0","credit","e411gz94","200005.0","2016-11-11T21:23:10.000Z",""
"","13218.0","","864.0","credit","eyr4zn99","200005.0","2017-02-17T00:41:12.000Z",""
"","13219.0","","100.0","credit","7vnzmmhy","200005.0","2017-02-06T21:21:06.000Z",""
"","13220.0","","100.0","credit","e411gz94","200006.0","2016-11-11T21:23:10.000Z",""
"","13221.0","","864.0","credit","eyr4zn99","200006.0","2017-02-17T00:41:12.000Z",""
"","13222.0","","100.0","credit","7vnzmmhy","200006.0","2017-02-06T21:21:06.000Z",""
"","13223.0","","100.0","credit","e411gz94","200007.0","2016-11-11T21:23:10.000Z",""
"","13224.0","","864.0","credit","eyr4zn99","200007.0","2017-02-17T00:41:12.000Z",""
"","13225.0","","100.0","credit","7vnzmmhy","200007.0","2017-02-06T21:21:06.000Z",""
"","13226.0","","100.0","credit","e411gz94","200008.0","2016-11-11T21:23:10.000Z",""
"","13227.0","","864.0","credit","eyr4zn99","200008.0","2017-02-17T00:41:12.000Z",""
"","13228.0","","100.0","credit","7vnzmmhy","200008.0","2017-02-06T21:21:06.000Z",""
"","13229.0","","100.0","credit","e411gz94","200009.0","2016-11-11T21:23:10.000Z",""
"","13230.0","","864.0","credit","eyr4zn99","200009.0","2017-02-17T00:41:12.000Z",""
"","13231.0","","100.0","credit","7vnzmmhy","200009.0","2017-02-06T21:21:06.000Z",""
"","13232.0","","100.0","credit","e411gz94","200010.0","2016-11-11T21:23:10.000Z",""
"","13233.0","","864.0","credit","eyr4zn99","200010.0","2017-02-17T00:41:12.000Z",""
"","13234.0","","100.0","credit","7vnzmmhy","200010.0","2017-02-06T21:21:06.000Z",""
"","13235.0","","100.0","credit","e411gz94","200011.0","2016-11-11T21:23:10.000Z",""
"","13236.0","","864.0","credit","eyr4zn99","200011.0","2017-02-17T00:41:12.000Z",""
"","13237.0","","100.0","credit","7vnzmmhy","200011.0","2017-02-06T21:21:06.000Z",""
"","13238.0","","100.0","credit","e411gz94","200012.0","2016-11-11T21:23:10.000Z",""
"","13239.0","","864.0","credit","eyr4zn99","200012.0","2017-02-17T00:41:12.000Z",""
"","13240.0","","100.0","credit","7vnzmmhy","200012.0","2017-02-06T21:21:06.000Z",""
"","13241.0","","100.0","credit","e411gz94","200013.0","2016-11-11T21:23:10.000Z",""
"","13242.0","","864.0","credit","eyr4zn99","200013.0","2017-02-17T00:41:12.000Z",""
"","13243.0","","100.0","credit","7vnzmmhy","200013.0","2017-02-06T21:21:06.000Z",""
"","13244.0","","100.0","credit","e411gz94","200014.0","2016-11-11T21:23:10.000Z",""
"","13245.0","","864.0","credit","eyr4zn99","200014.0","2017-02-17T00:41:12.000Z",""
"","13246.0","","100.0","credit","7vnzmmhy","200014.0","2017-02-06T21:21:06.000Z",""
"","13247.0","","100.0","credit","e411gz94","200015.0","2016-11-11T21:23:10.000Z",""
"","13248.0","","864.0","credit","eyr4zn99","200015.0","2017-02-17T00:41:12.000Z",""
"","13249.0","","100.0","credit","7vnzmmhy","200015.0","2017-02-06T21:21:06.000Z",""
"","13250.0","","100.0","credit","e411gz94","200016.0","2016-11-11T21:23:10.000Z",""
"","13251.0","","864.0","credit","eyr4zn99","200016.0","2017-02-17T00:41:12.000Z",""
"","13252.0","","100.0","credit","7vnzmmhy","200016.0","2017-02-06T21:21:06.000Z",""
"","13253.0","","100.0","credit","e411gz94","200017.0","2016-11-11T21:23:10.000Z",""
"","13254.0","","864.0","credit","eyr4zn99","200017.0","2017-02-17T00:41:12.000Z",""
"","13255.0","","100.0","credit","7vnzmmhy","200017.0","2017-02-06T21:21:06.000Z",""
"","13256.0","","100.0","credit","e411gz94","200018.0","2016-11-11T21:23:10.000Z",""
"","13257.0","","864.0","credit","eyr4zn99","200018.0","2017-02-17T00:41:12.000Z",""
"","13258.0","","100.0","credit","7vnzmmhy","200018.0","2017-02-06T21:21:06.000Z",""
"","13259.0","","100.0","credit","e411gz94","200019.0","2016-11-11T21:23:10.000Z",""
"","13260.0","","864.0","credit","eyr4zn99","200019.0","2017-02-17T00:41:12.000Z",""
"","13261.0","","100.0","credit","7vnzmmhy","200019.0","2017-02-06T21:21:06.000Z",""
"","13262.0","","100.0","credit","e411gz94","200020.0","2016-11-11T21:23:10.000Z",""
"","13263.0","","864.0","credit","eyr4zn99","200020.0","2017-02-17T00:41:12.000Z",""
"","13264.0","","100.0","credit","7vnzmmhy","200020.0","2017-02-06T21:21:06.000Z",""
"","13265.0","","100.0","credit","e411gz94","200021.0","2016-11-11T21:23:10.000Z",""
"","13266.0","","864.0","credit","eyr4zn99","200021.0","2017-02-17T00:41:12.000Z",""
"","13267.0","","100.0","credit","7vnzmmhy","200021.0","2017-02-06T21:21:06.000Z",""
"","13268.0","","100.0","credit","e411gz94","200022.0","2016-11-11T21:23:10.000Z",""
"","13269.0","","864.0","credit","eyr4zn99","200022.0","2017-02-17T00:41:12.000Z",""
"","13270.0","","100.0","credit","7vnzmmhy","200022.0","2017-02-06T21:21:06.000Z",""
"","13271.0","","100.0","credit","e411gz94","200023.0","2016-11-11T21:23:10.000Z",""
"","13272.0","","864.0","credit","eyr4zn99","200023.0","2017-02-17T00:41:12.000Z",""
"","13273.0","","100.0","credit","7vnzmmhy","200023.0","2017-02-06T21:21:06.000Z",""
"","13274.0","","100.0","credit","e411gz94","200024.0","2016-11-11T21:23:10.000Z",""
"","13275.0","","864.0","credit","eyr4zn99","200024.0","2017-02-17T00:41:12.000Z",""
"","13276.0","","100.0","credit","7vnzmmhy","200024.0","2017-02-06T21:21:06.000Z",""
"","13277.0","","100.0","credit","e411gz94","200025.0","2016-11-11T21:23:10.000Z",""
"","13278.0","","864.0","credit","eyr4zn99","200025.0","2017-02-17T00:41:12.000Z",""
"","13279.0","","100.0","credit","7vnzmmhy","200025.0","2017-02-06T21:21:06.000Z",""
"","13280.0","","100.0","credit","e411gz94","200026.0","2016-11-11T21:23:10.000Z",""
"","13281.0","","864.0","credit","eyr4zn99","200026.0","2017-02-17T00:41:12.000Z",""
"","13282.0","","100.0","credit","7vnzmmhy","200026.0","2017-02-06T21:21:06.000Z",""
"","13283.0","","100.0","credit","e411gz94","200027.0","2016-11-11T21:23:10.000Z",""
"","13284.0","","864.0","credit","eyr4zn99","200027.0","2017-02-17T00:41:12.000Z",""
"","13285.0","","100.0","credit","7vnzmmhy","200027.0","2017-02-06T21:21:06.000Z",""
"","13286.0","","100.0","credit","e411gz94","200028.0","2016-11-11T21:23:10.000Z",""
"","13287.0","","864.0","credit","eyr4zn99","200028.0","2017-02-17T00:41:12.000Z",""
"","13288.0","","100.0","credit","7vnzmmhy","200028.0","2017-02-06T21:21:06.000Z",""
"","13289.0","","100.0","credit","e411gz94","200029.0","2016-11-11T21:23:10.000Z",""
"","13290.0","","864.0","credit","eyr4zn99","200029.0","2017-02-17T00:41:12.000Z",""
"","13291.0","","100.0","credit","7vnzmmhy","200029.0","2017-02-06T21:21:06.000Z",""
"","13292.0","","100.0","credit","e411gz94","200030.0","2016-11-11T21:23:10.000Z",""
"","13293.0","","864.0","credit","eyr4zn99","200030.0","2017-02-17T00:41:12.000Z",""
"","13294.0","","100.0","credit","7vnzmmhy","200030.0","2017-02-06T21:21:06.000Z",""
"","13295.0","","100.0","credit","e411gz94","200031.0","2016-11-11T21:23:10.000Z",""
"","13296.0","","864.0","credit","eyr4zn99","200031.0","2017-02-17T00:41:12.000Z",""
"","13297.0","","100.0","credit","7vnzmmhy","200031.0","2017-02-06T21:21:06.000Z",""
"","13298.0","","100.0","credit","e411gz94","200032.0","2016-11-11T21:23:10.000Z",""
"","13299.0","","864.0","credit","eyr4zn99","200032.0","2017-02-17T00:41:12.000Z",""
"","13300.0","","100.0","credit","7vnzmmhy","200032.0","2017-02-06T21:21:06.000Z",""
"","13301.0","","100.0","credit","e411gz94","200033.0","2016-11-11T21:23:10.000Z",""
"","13302.0","","864.0","credit","eyr4zn99","200033.0","2017-02-17T00:41:12.000Z",""
"","13303.0","","100.0","credit","7vnzmmhy","200033.0","2017-02-06T21:21:06.000Z",""
"","13304.0","","100.0","credit","e411gz94","200034.0","2016-11-11T21:23:10.000Z",""
"","13305.0","","864.0","credit","eyr4zn99","200034.0","2017-02-17T00:41:12.000Z",""
"","13306.0","","100.0","credit","7vnzmmhy","200034.0","2017-02-06T21:21:06.000Z",""
"","13307.0","","100.0","credit","e411gz94","200035.0","2016-11-11T21:23:10.000Z",""
"","13308.0","","864.0","credit","eyr4zn99","200035.0","2017-02-17T00:41:12.000Z",""
"","13309.0","","100.0","credit","7vnzmmhy","200035.0","2017-02-06T21:21:06.000Z",""
"","13310.0","","100.0","credit","e411gz94","200036.0","2016-11-11T21:23:10.000Z",""
"","13311.0","","864.0","credit","eyr4zn99","200036.0","2017-02-17T00:41:12.000Z",""
"","13312.0","","100.0","credit","7vnzmmhy","200036.0","2017-02-06T21:21:06.000Z",""
"","13313.0","","100.0","credit","e411gz94","200037.0","2016-11-11T21:23:10.000Z",""
"","13314.0","","864.0","credit","eyr4zn99","200037.0","2017-02-17T00:41:12.000Z",""
"","13315.0","","100.0","credit","7vnzmmhy","200037.0","2017-02-06T21:21:06.000Z",""
"","13316.0","","100.0","credit","e411gz94","200038.0","2016-11-11T21:23:10.000Z",""
"","13317.0","","864.0","credit","eyr4zn99","200038.0","2017-02-17T00:41:12.000Z",""
"","13318.0","","100.0","credit","7vnzmmhy","200038.0","2017-02-06T21:21:06.000Z",""
"","13319.0","","100.0","credit","e411gz94","200039.0","2016-11-11T21:23:10.000Z",""
"","13320.0","","864.0","credit","eyr4zn99","200039.0","2017-02-17T00:41:12.000Z",""
"","13321.0","","100.0","credit","7vnzmmhy","200039.0","2017-02-06T21:21:06.000Z",""
